configuration,use_pca,use_smote,use_kmeans,use_ensemble,fold,train_samples,test_samples,model,accuracy,precision,recall,f1,roc_auc
Full Model,True,True,True,True,1,1494180,36579,Decision Tree,0.9881079307799557,0.9892632431268498,0.9881079307799557,0.9884721381084332,0.9925030419165046
Full Model,True,True,True,True,1,1494180,36579,Random Forest,0.9913064873287952,0.9917620350205023,0.9913064873287952,0.9914281058397385,0.9977574521765902
Full Model,True,True,True,True,1,1494180,36579,SVM,0.9604144454468411,0.9727211939524761,0.9604144454468411,0.9643806281740145,0.9880562451261085
Full Model,True,True,True,True,1,1494180,36579,Hybrid Ensemble,0.9906503731649307,0.9912963572805766,0.9906503731649307,0.9908176050843674,0.9953773243493286
Full Model,True,True,True,True,2,1494180,36579,Decision Tree,0.9869870690833539,0.9895274029519725,0.9869870690833539,0.9877595231329381,0.9957896477209709
Full Model,True,True,True,True,2,1494180,36579,Random Forest,0.9929467727384564,0.9933147679386872,0.9929467727384564,0.993049816119305,0.9983374403105824
Full Model,True,True,True,True,2,1494180,36579,SVM,0.9612072500615108,0.9742090751658016,0.9612072500615108,0.9648768078541565,0.9904886304974008
Full Model,True,True,True,True,2,1494180,36579,Hybrid Ensemble,0.992290658574592,0.9927985685762245,0.992290658574592,0.9924291503715283,0.9966485374741453
Full Model,True,True,True,True,3,1494180,36579,Decision Tree,0.9879165641488286,0.9894428506424313,0.9879165641488286,0.9883864049136035,0.9930733410663317
Full Model,True,True,True,True,3,1494180,36579,Random Forest,0.9918805872221766,0.9923741748822492,0.9918805872221766,0.9920194761329671,0.9978031788776955
Full Model,True,True,True,True,3,1494180,36579,SVM,0.9609612072500615,0.974139933071303,0.9609612072500615,0.9646128648453272,0.9901808792484774
Full Model,True,True,True,True,3,1494180,36579,Hybrid Ensemble,0.9914978539599224,0.9921323075500029,0.9914978539599224,0.9916681330613367,0.9961131609650502
Full Model,True,True,True,True,4,1494180,36579,Decision Tree,0.98581153120643,0.9886018696296606,0.98581153120643,0.9867012926740912,0.994227658772014
Full Model,True,True,True,True,4,1494180,36579,Random Forest,0.9926187156565243,0.9929685462276675,0.9926187156565243,0.9927114057347691,0.9977102661990713
Full Model,True,True,True,True,4,1494180,36579,SVM,0.9623007736679515,0.9740170158809835,0.9623007736679515,0.9661654983431465,0.9896594416141705
Full Model,True,True,True,True,4,1494180,36579,Hybrid Ensemble,0.9919352634024987,0.9924456691761036,0.9919352634024987,0.9920663959468536,0.996441465427631
Full Model,True,True,True,True,5,1494180,36579,Decision Tree,0.9862762787391672,0.9888083899165235,0.9862762787391672,0.9870446685261044,0.99453759639722
Full Model,True,True,True,True,5,1494180,36579,Random Forest,0.9919079253123377,0.992384891522774,0.9919079253123377,0.9920444835810547,0.9982003498329887
Full Model,True,True,True,True,5,1494180,36579,SVM,0.953880641898357,0.9714435204515426,0.953880641898357,0.9577628313408415,0.9892388215368784
Full Model,True,True,True,True,5,1494180,36579,Hybrid Ensemble,0.9914158396894392,0.9920242529725706,0.9914158396894392,0.9915830950801745,0.9965998487290776
Full Model,True,True,True,True,6,1494180,36579,Decision Tree,0.987315126165286,0.9891834462412249,0.987315126165286,0.9878909218420214,0.9938990312022566
Full Model,True,True,True,True,6,1494180,36579,Random Forest,0.9920446157631427,0.9924716761663248,0.9920446157631427,0.9921561593301919,0.9979755352507379
Full Model,True,True,True,True,6,1494180,36579,SVM,0.9575439459799339,0.972433915073754,0.9575439459799339,0.961598499540201,0.9888570231313367
Full Model,True,True,True,True,6,1494180,36579,Hybrid Ensemble,0.9911697968779901,0.9918315251508061,0.9911697968779901,0.9913401267591297,0.9962185630735777
Full Model,True,True,True,True,7,1494180,36579,Decision Tree,0.98581153120643,0.9881897264121534,0.98581153120643,0.9865621237251272,0.994002926259138
Full Model,True,True,True,True,7,1494180,36579,Random Forest,0.9919079253123377,0.9923457852006392,0.9919079253123377,0.9920260232648388,0.9979398134772326
Full Model,True,True,True,True,7,1494180,36579,SVM,0.9577079745209,0.9725901585996366,0.9577079745209,0.9619495019677672,0.9896474514180283
Full Model,True,True,True,True,7,1494180,36579,Hybrid Ensemble,0.991142458787829,0.9917612212777565,0.991142458787829,0.9913069769327001,0.9966966237046463
Full Model,True,True,True,True,8,1494180,36579,Decision Tree,0.9863856310998114,0.9888208089775153,0.9863856310998114,0.9871418979757063,0.994021552416659
Full Model,True,True,True,True,8,1494180,36579,Random Forest,0.9925367013860412,0.9929468290220432,0.9925367013860412,0.9926440557968625,0.9985639404385828
Full Model,True,True,True,True,8,1494180,36579,SVM,0.9604691216271631,0.9739426342481545,0.9604691216271631,0.9644435610302924,0.9902415343152771
Full Model,True,True,True,True,8,1494180,36579,Hybrid Ensemble,0.9919899395828208,0.9925384500061066,0.9919899395828208,0.9921285497380795,0.9974411541345812
Full Model,True,True,True,True,9,1494180,36578,Decision Tree,0.9876155065886598,0.9893782124527352,0.9876155065886598,0.9881706232227794,0.9943681712270642
Full Model,True,True,True,True,9,1494180,36578,Random Forest,0.9924271419979223,0.9928134852781008,0.9924271419979223,0.9925301146319438,0.9977362156240905
Full Model,True,True,True,True,9,1494180,36578,SVM,0.9594291650719011,0.9725922149664626,0.9594291650719011,0.9632289507066146,0.9889010383961946
Full Model,True,True,True,True,9,1494180,36578,Hybrid Ensemble,0.9917983487342118,0.9922904827623921,0.9917983487342118,0.9919273626439101,0.9964263359103229
Full Model,True,True,True,True,10,1494180,36578,Decision Tree,0.9904587456941331,0.9912448473690271,0.9904587456941331,0.9906995607222298,0.9942102919274498
Full Model,True,True,True,True,10,1494180,36578,Random Forest,0.9927005303734485,0.9930517086838773,0.9927005303734485,0.9927992460144777,0.9981540791239208
Full Model,True,True,True,True,10,1494180,36578,SVM,0.9600579583356116,0.9728642612454962,0.9600579583356116,0.9638561730618667,0.9917444110836887
Full Model,True,True,True,True,10,1494180,36578,Hybrid Ensemble,0.9922904478101591,0.9928088517730776,0.9922904478101591,0.9924259989449055,0.9973404015276703
Without PCA,False,True,True,True,1,1494180,36579,Decision Tree,0.9881079307799557,0.9892632431268498,0.9881079307799557,0.9884721381084332,0.9925030419165046
Without PCA,False,True,True,True,1,1494180,36579,Random Forest,0.9913064873287952,0.9917620350205023,0.9913064873287952,0.9914281058397385,0.9977574521765902
Without PCA,False,True,True,True,1,1494180,36579,SVM,0.9583640886847645,0.9673754234917286,0.9583640886847645,0.9614923521704337,0.9877579604221269
Without PCA,False,True,True,True,1,1494180,36579,Hybrid Ensemble,0.9905410208042866,0.9911506398045391,0.9905410208042866,0.9907037659934085,0.9969587859979694
Without PCA,False,True,True,True,2,1494180,36579,Decision Tree,0.9869870690833539,0.9895274029519725,0.9869870690833539,0.9877595231329381,0.9957896477209709
Without PCA,False,True,True,True,2,1494180,36579,Random Forest,0.9929467727384564,0.9933147679386872,0.9929467727384564,0.993049816119305,0.9983374403105824
Without PCA,False,True,True,True,2,1494180,36579,SVM,0.9610432215205446,0.9689377561268846,0.9610432215205446,0.9637330270796343,0.9897041633163953
Without PCA,False,True,True,True,2,1494180,36579,Hybrid Ensemble,0.9922359823942699,0.9927326030752273,0.9922359823942699,0.9923733500665581,0.9972873901400666
Without PCA,False,True,True,True,3,1494180,36579,Decision Tree,0.9879165641488286,0.9894428506424313,0.9879165641488286,0.9883864049136035,0.9930733410663317
Without PCA,False,True,True,True,3,1494180,36579,Random Forest,0.9918805872221766,0.9923741748822492,0.9918805872221766,0.9920194761329671,0.9978031788776955
Without PCA,False,True,True,True,3,1494180,36579,SVM,0.9592662456600782,0.9678452996288989,0.9592662456600782,0.9621884934923766,0.9898025627675593
Without PCA,False,True,True,True,3,1494180,36579,Hybrid Ensemble,0.9912791492386341,0.9918955989794929,0.9912791492386341,0.9914501799840839,0.996973254892432
Without PCA,False,True,True,True,4,1494180,36579,Decision Tree,0.98581153120643,0.9886018696296606,0.98581153120643,0.9867012926740912,0.994227658772014
Without PCA,False,True,True,True,4,1494180,36579,Random Forest,0.9926187156565243,0.9929685462276675,0.9926187156565243,0.9927114057347691,0.9977102661990713
Without PCA,False,True,True,True,4,1494180,36579,SVM,0.957789988791383,0.9668709713724046,0.957789988791383,0.9609126883044096,0.9882160914703684
Without PCA,False,True,True,True,4,1494180,36579,Hybrid Ensemble,0.9917165586812106,0.9922254592527583,0.9917165586812106,0.9918525904145397,0.9971844158845617
Without PCA,False,True,True,True,5,1494180,36579,Decision Tree,0.9862762787391672,0.9888083899165235,0.9862762787391672,0.9870446685261044,0.99453759639722
Without PCA,False,True,True,True,5,1494180,36579,Random Forest,0.9919079253123377,0.992384891522774,0.9919079253123377,0.9920444835810547,0.9982003498329887
Without PCA,False,True,True,True,5,1494180,36579,SVM,0.9575439459799339,0.9673901349394565,0.9575439459799339,0.9610139331095773,0.9876796194143211
Without PCA,False,True,True,True,5,1494180,36579,Hybrid Ensemble,0.9912791492386341,0.9918751465885117,0.9912791492386341,0.9914468078222458,0.9973810986621654
Without PCA,False,True,True,True,6,1494180,36579,Decision Tree,0.987315126165286,0.9891834462412249,0.987315126165286,0.9878909218420214,0.9938990312022566
Without PCA,False,True,True,True,6,1494180,36579,Random Forest,0.9920446157631427,0.9924716761663248,0.9920446157631427,0.9921561593301919,0.9979755352507379
Without PCA,False,True,True,True,6,1494180,36579,SVM,0.9578993411520271,0.9669648134946006,0.9578993411520271,0.9610348010205232,0.9884892002164866
Without PCA,False,True,True,True,6,1494180,36579,Hybrid Ensemble,0.9908690778862189,0.99150569217023,0.9908690778862189,0.9910398280342174,0.997201439725308
Without PCA,False,True,True,True,7,1494180,36579,Decision Tree,0.98581153120643,0.9881897264121534,0.98581153120643,0.9865621237251272,0.994002926259138
Without PCA,False,True,True,True,7,1494180,36579,Random Forest,0.9919079253123377,0.9923457852006392,0.9919079253123377,0.9920260232648388,0.9979398134772326
Without PCA,False,True,True,True,7,1494180,36579,SVM,0.957680636430739,0.9673152807826,0.957680636430739,0.96107836530265,0.9878221133464269
Without PCA,False,True,True,True,7,1494180,36579,Hybrid Ensemble,0.990951092156702,0.9915690782386585,0.990951092156702,0.9911181328626049,0.9971603514628742
Without PCA,False,True,True,True,8,1494180,36579,Decision Tree,0.9863856310998114,0.9888208089775153,0.9863856310998114,0.9871418979757063,0.994021552416659
Without PCA,False,True,True,True,8,1494180,36579,Random Forest,0.9925367013860412,0.9929468290220432,0.9925367013860412,0.9926440557968625,0.9985639404385828
Without PCA,False,True,True,True,8,1494180,36579,SVM,0.9588288362175018,0.9677038023639959,0.9588288362175018,0.9618994904013999,0.9900691057204543
Without PCA,False,True,True,True,8,1494180,36579,Hybrid Ensemble,0.9919899395828208,0.9925235727201077,0.9919899395828208,0.9921280407671557,0.9980540762318558
Without PCA,False,True,True,True,9,1494180,36578,Decision Tree,0.9876155065886598,0.9893782124527352,0.9876155065886598,0.9881706232227794,0.9943681712270642
Without PCA,False,True,True,True,9,1494180,36578,Random Forest,0.9924271419979223,0.9928134852781008,0.9924271419979223,0.9925301146319438,0.9977362156240905
Without PCA,False,True,True,True,9,1494180,36578,SVM,0.9588003718081907,0.967301490952519,0.9588003718081907,0.9616969905341456,0.9887344502270066
Without PCA,False,True,True,True,9,1494180,36578,Hybrid Ensemble,0.9916616545464487,0.9921710965788358,0.9916616545464487,0.9917975036132588,0.9970610592895051
Without PCA,False,True,True,True,10,1494180,36578,Decision Tree,0.9904587456941331,0.9912448473690271,0.9904587456941331,0.9906995607222298,0.9942102919274498
Without PCA,False,True,True,True,10,1494180,36578,Random Forest,0.9927005303734485,0.9930517086838773,0.9927005303734485,0.9927992460144777,0.9981540791239208
Without PCA,False,True,True,True,10,1494180,36578,SVM,0.9586089999453223,0.9672416684835285,0.9586089999453223,0.9615260019474797,0.9896324638895542
Without PCA,False,True,True,True,10,1494180,36578,Hybrid Ensemble,0.9919077040844223,0.9924016405598157,0.9919077040844223,0.9920435281205617,0.9975267395487346
Without SMOTE,True,False,True,True,1,329209,36579,Decision Tree,0.9952158342218212,0.9952088089482506,0.9952158342218212,0.9951962315512567,0.9921223208769463
Without SMOTE,True,False,True,True,1,329209,36579,Random Forest,0.9958992864758468,0.9959660851383287,0.9958992864758468,0.9958814921059774,0.9978307311083595
Without SMOTE,True,False,True,True,1,329209,36579,SVM,0.9559856748407556,0.9488524206239034,0.9559856748407556,0.9406013835584401,0.9876191874739548
Without SMOTE,True,False,True,True,1,329209,36579,Hybrid Ensemble,0.9956532436643976,0.9957046266723089,0.9956532436643976,0.9956344316473573,0.9918396470629063
Without SMOTE,True,False,True,True,2,329209,36579,Decision Tree,0.9964187101889062,0.9964314439906311,0.9964187101889062,0.9964176454962996,0.993402592851734
Without SMOTE,True,False,True,True,2,329209,36579,Random Forest,0.9969928100822877,0.9970224815685463,0.9969928100822877,0.9969845520004937,0.9986962084955463
Without SMOTE,True,False,True,True,2,329209,36579,SVM,0.9572432269881626,0.9465213127497176,0.9572432269881626,0.9416592599197168,0.9913461486523738
Without SMOTE,True,False,True,True,2,329209,36579,Hybrid Ensemble,0.9969654719921266,0.9970054057549378,0.9969654719921266,0.9969593635119935,0.9957226109659286
Without SMOTE,True,False,True,True,3,329209,36579,Decision Tree,0.9959539626561689,0.9959713294735479,0.9959539626561689,0.9959533664185535,0.9926559567414509
Without SMOTE,True,False,True,True,3,329209,36579,Random Forest,0.9966374149101944,0.9967160777353283,0.9966374149101944,0.9966407653004399,0.9981206472182247
Without SMOTE,True,False,True,True,3,329209,36579,SVM,0.9571885508078406,0.9527789854957224,0.9571885508078406,0.9434565940881497,0.9904263147522937
Without SMOTE,True,False,True,True,3,329209,36579,Hybrid Ensemble,0.9965007244593893,0.9965665240291497,0.9965007244593893,0.9965017783638904,0.9946906946922764
Without SMOTE,True,False,True,True,4,329209,36579,Decision Tree,0.9960633150168129,0.9960338389205321,0.9960633150168129,0.9960409912030846,0.9926129293019496
Without SMOTE,True,False,True,True,4,329209,36579,Random Forest,0.9969654719921266,0.9969761262097259,0.9969654719921266,0.996936947494467,0.997675207173282
Without SMOTE,True,False,True,True,4,329209,36579,SVM,0.9570245222668744,0.949123940769041,0.9570245222668744,0.9418785835642695,0.9902997913838665
Without SMOTE,True,False,True,True,4,329209,36579,Hybrid Ensemble,0.9965554006397113,0.9965601310312797,0.9965554006397113,0.9965239716709976,0.9940199403272759
Without SMOTE,True,False,True,True,5,329209,36579,Decision Tree,0.9956259055742366,0.9956235093671895,0.9956259055742366,0.9956146971969037,0.9929608912466226
Without SMOTE,True,False,True,True,5,329209,36579,Random Forest,0.9967741053609995,0.99681486389633,0.9967741053609995,0.9967660983099349,0.9981912258555082
Without SMOTE,True,False,True,True,5,329209,36579,SVM,0.9571338746275185,0.9529569132439518,0.9571338746275185,0.942970516914634,0.9895618906623252
Without SMOTE,True,False,True,True,5,329209,36579,Hybrid Ensemble,0.996282019738101,0.9963368720396516,0.996282019738101,0.9962721494962754,0.994623489430976
Without SMOTE,True,False,True,True,6,329209,36579,Decision Tree,0.9956259055742366,0.9956054326332359,0.9956259055742366,0.9956041241959521,0.992902164588744
Without SMOTE,True,False,True,True,6,329209,36579,Random Forest,0.996282019738101,0.9963255406935762,0.996282019738101,0.9962643470301682,0.9981189235229156
Without SMOTE,True,False,True,True,6,329209,36579,SVM,0.9566417890046202,0.9491909182130072,0.9566417890046202,0.9420119708623832,0.9889778867290854
Without SMOTE,True,False,True,True,6,329209,36579,Hybrid Ensemble,0.9962273435577791,0.9962766114504792,0.9962273435577791,0.9962103344358803,0.993626212445828
Without SMOTE,True,False,True,True,7,329209,36579,Decision Tree,0.9957899341152027,0.9957780208174521,0.9957899341152027,0.9957661951792852,0.9912962926554306
Without SMOTE,True,False,True,True,7,329209,36579,Random Forest,0.9963640340085842,0.996389080547025,0.9963640340085842,0.9963394323691339,0.9984223737924531
Without SMOTE,True,False,True,True,7,329209,36579,SVM,0.9563684081030099,0.9483982273581336,0.9563684081030099,0.9414123019120486,0.9900069278067976
Without SMOTE,True,False,True,True,7,329209,36579,Hybrid Ensemble,0.996145329287296,0.9961754669954893,0.996145329287296,0.9961188714119217,0.994437486311845
Without SMOTE,True,False,True,True,8,329209,36579,Decision Tree,0.9960633150168129,0.9960437508321167,0.9960633150168129,0.9960472991964056,0.9945607491379989
Without SMOTE,True,False,True,True,8,329209,36579,Random Forest,0.9967194291806775,0.9967558420447148,0.9967194291806775,0.9967034768316287,0.9989064838832973
Without SMOTE,True,False,True,True,8,329209,36579,SVM,0.956477760463654,0.9486039777543913,0.956477760463654,0.9410126918617158,0.9898118203557109
Without SMOTE,True,False,True,True,8,329209,36579,Hybrid Ensemble,0.9966647530003554,0.9966882242900313,0.9966647530003554,0.9966446499755431,0.9950557048783616
Without SMOTE,True,False,True,True,9,329210,36578,Decision Tree,0.9959538520422112,0.995951122888248,0.9959538520422112,0.9959406442413767,0.9937477156330518
Without SMOTE,True,False,True,True,9,329210,36578,Random Forest,0.9964459511181585,0.9964777916059061,0.9964459511181585,0.9964285501969722,0.9978214218008897
Without SMOTE,True,False,True,True,9,329210,36578,SVM,0.957679479468533,0.9517402879129062,0.957679479468533,0.9437629907614768,0.9901861108145288
Without SMOTE,True,False,True,True,9,329210,36578,Hybrid Ensemble,0.9964459511181585,0.9964804102183082,0.9964459511181585,0.9964306102227795,0.9937146098101294
Without SMOTE,True,False,True,True,10,329210,36578,Decision Tree,0.9959811908797638,0.9959774502784844,0.9959811908797638,0.995972123243611,0.9936915176868077
Without SMOTE,True,False,True,True,10,329210,36578,Random Forest,0.9971020832194215,0.9971412087866872,0.9971020832194215,0.9970909202898786,0.9983706180380744
Without SMOTE,True,False,True,True,10,329210,36578,SVM,0.9554376947892176,0.9405571507745696,0.9554376947892176,0.9395987372178485,0.9915592148356615
Without SMOTE,True,False,True,True,10,329210,36578,Hybrid Ensemble,0.99677401716879,0.9968140305293777,0.99677401716879,0.9967625376274624,0.9954153059733812
Without K-Means,True,True,False,True,1,1494180,36579,Decision Tree,0.9881079307799557,0.9892632431268498,0.9881079307799557,0.9884721381084332,0.9925030419165046
Without K-Means,True,True,False,True,1,1494180,36579,Random Forest,0.9913064873287952,0.9917620350205023,0.9913064873287952,0.9914281058397385,0.9977574521765902
Without K-Means,True,True,False,True,1,1494180,36579,SVM,0.9599223598239427,0.971820993222728,0.9599223598239427,0.9638290700169638,0.9879308972149313
Without K-Means,True,True,False,True,1,1494180,36579,Hybrid Ensemble,0.9906503731649307,0.9912963572805766,0.9906503731649307,0.9908176050843674,0.99530144039965
Without K-Means,True,True,False,True,2,1494180,36579,Decision Tree,0.9869870690833539,0.9895274029519725,0.9869870690833539,0.9877595231329381,0.9957896477209709
Without K-Means,True,True,False,True,2,1494180,36579,Random Forest,0.9929467727384564,0.9933147679386872,0.9929467727384564,0.993049816119305,0.9983374403105824
Without K-Means,True,True,False,True,2,1494180,36579,SVM,0.9595943027420104,0.9727171304206643,0.9595943027420104,0.9631434483089354,0.9915862279317323
Without K-Means,True,True,False,True,2,1494180,36579,Hybrid Ensemble,0.992290658574592,0.9928028461521122,0.992290658574592,0.9924303568197629,0.9966350780669505
Without K-Means,True,True,False,True,3,1494180,36579,Decision Tree,0.9879165641488286,0.9894428506424313,0.9879165641488286,0.9883864049136035,0.9930733410663317
Without K-Means,True,True,False,True,3,1494180,36579,Random Forest,0.9918805872221766,0.9923741748822492,0.9918805872221766,0.9920194761329671,0.9978031788776955
Without K-Means,True,True,False,True,3,1494180,36579,SVM,0.9595122884715274,0.9720643402245058,0.9595122884715274,0.9630973477938972,0.9902973564581476
Without K-Means,True,True,False,True,3,1494180,36579,Hybrid Ensemble,0.9914705158697613,0.9921056625460548,0.9914705158697613,0.9916412475523911,0.9961602601240536
Without K-Means,True,True,False,True,4,1494180,36579,Decision Tree,0.98581153120643,0.9886018696296606,0.98581153120643,0.9867012926740912,0.994227658772014
Without K-Means,True,True,False,True,4,1494180,36579,Random Forest,0.9926187156565243,0.9929685462276675,0.9926187156565243,0.9927114057347691,0.9977102661990713
Without K-Means,True,True,False,True,4,1494180,36579,SVM,0.9604964597173241,0.9718928184988607,0.9604964597173241,0.9643947175985962,0.9897112808463552
Without K-Means,True,True,False,True,4,1494180,36579,Hybrid Ensemble,0.9919352634024987,0.9924528028937574,0.9919352634024987,0.9920677453098564,0.9964265861435514
Without K-Means,True,True,False,True,5,1494180,36579,Decision Tree,0.9862762787391672,0.9888083899165235,0.9862762787391672,0.9870446685261044,0.99453759639722
Without K-Means,True,True,False,True,5,1494180,36579,Random Forest,0.9919079253123377,0.992384891522774,0.9919079253123377,0.9920444835810547,0.9982003498329887
Without K-Means,True,True,False,True,5,1494180,36579,SVM,0.9550561797752809,0.9713313337452391,0.9550561797752809,0.959056081187786,0.9899323728127696
Without K-Means,True,True,False,True,5,1494180,36579,Hybrid Ensemble,0.9914978539599224,0.9921107752619208,0.9914978539599224,0.9916645503952438,0.9965994813151015
Without K-Means,True,True,False,True,6,1494180,36579,Decision Tree,0.987315126165286,0.9891834462412249,0.987315126165286,0.9878909218420214,0.9938990312022566
Without K-Means,True,True,False,True,6,1494180,36579,Random Forest,0.9920446157631427,0.9924716761663248,0.9920446157631427,0.9921561593301919,0.9979755352507379
Without K-Means,True,True,False,True,6,1494180,36579,SVM,0.9572432269881626,0.971001982277946,0.9572432269881626,0.9612408360121372,0.9897550525213527
Without K-Means,True,True,False,True,6,1494180,36579,Hybrid Ensemble,0.9911971349681511,0.9918612412841165,0.9911971349681511,0.9913669126055371,0.9962241422485534
Without K-Means,True,True,False,True,7,1494180,36579,Decision Tree,0.98581153120643,0.9881897264121534,0.98581153120643,0.9865621237251272,0.994002926259138
Without K-Means,True,True,False,True,7,1494180,36579,Random Forest,0.9919079253123377,0.9923457852006392,0.9919079253123377,0.9920260232648388,0.9979398134772326
Without K-Means,True,True,False,True,7,1494180,36579,SVM,0.956477760463654,0.970437706788381,0.956477760463654,0.9607703301565305,0.9903859353630903
Without K-Means,True,True,False,True,7,1494180,36579,Hybrid Ensemble,0.991142458787829,0.9917660562388504,0.991142458787829,0.991308383743731,0.9966510282977363
Without K-Means,True,True,False,True,8,1494180,36579,Decision Tree,0.9863856310998114,0.9888208089775153,0.9863856310998114,0.9871418979757063,0.994021552416659
Without K-Means,True,True,False,True,8,1494180,36579,Random Forest,0.9925367013860412,0.9929468290220432,0.9925367013860412,0.9926440557968625,0.9985639404385828
Without K-Means,True,True,False,True,8,1494180,36579,SVM,0.9589655266683069,0.9716584404226799,0.9589655266683069,0.9628740666972252,0.990009293019435
Without K-Means,True,True,False,True,8,1494180,36579,Hybrid Ensemble,0.9920446157631427,0.9925969467456819,0.9920446157631427,0.9921828066111621,0.9974411537364195
Without K-Means,True,True,False,True,9,1494180,36578,Decision Tree,0.9876155065886598,0.9893782124527352,0.9876155065886598,0.9881706232227794,0.9943681712270642
Without K-Means,True,True,False,True,9,1494180,36578,Random Forest,0.9924271419979223,0.9928134852781008,0.9924271419979223,0.9925301146319438,0.9977362156240905
Without K-Means,True,True,False,True,9,1494180,36578,SVM,0.9591010990212696,0.971523617147844,0.9591010990212696,0.9627772993161435,0.9896045886137952
Without K-Means,True,True,False,True,9,1494180,36578,Hybrid Ensemble,0.9917710098966592,0.9922615732180156,0.9917710098966592,0.9919001906969075,0.9963822425400086
Without K-Means,True,True,False,True,10,1494180,36578,Decision Tree,0.9904587456941331,0.9912448473690271,0.9904587456941331,0.9906995607222298,0.9942102919274498
Without K-Means,True,True,False,True,10,1494180,36578,Random Forest,0.9927005303734485,0.9930517086838773,0.9927005303734485,0.9927992460144777,0.9981540791239208
Without K-Means,True,True,False,True,10,1494180,36578,SVM,0.9586089999453223,0.971383388444073,0.9586089999453223,0.9623079894121405,0.9916071673308231
Without K-Means,True,True,False,True,10,1494180,36578,Hybrid Ensemble,0.9923177866477118,0.9928369775415201,0.9923177866477118,0.9924539325604356,0.99734689441041
Without Ensemble,True,True,True,False,1,1494180,36579,Decision Tree,0.9881079307799557,0.9892632431268498,0.9881079307799557,0.9884721381084332,0.9925030419165046
Without Ensemble,True,True,True,False,1,1494180,36579,Random Forest,0.9913064873287952,0.9917620350205023,0.9913064873287952,0.9914281058397385,0.9977574521765902
Without Ensemble,True,True,True,False,1,1494180,36579,SVM,0.9604144454468411,0.9727211939524761,0.9604144454468411,0.9643806281740145,0.9880562451261085
Without Ensemble,True,True,True,False,2,1494180,36579,Decision Tree,0.9869870690833539,0.9895274029519725,0.9869870690833539,0.9877595231329381,0.9957896477209709
Without Ensemble,True,True,True,False,2,1494180,36579,Random Forest,0.9929467727384564,0.9933147679386872,0.9929467727384564,0.993049816119305,0.9983374403105824
Without Ensemble,True,True,True,False,2,1494180,36579,SVM,0.9612072500615108,0.9742090751658016,0.9612072500615108,0.9648768078541565,0.9904886304974008
Without Ensemble,True,True,True,False,3,1494180,36579,Decision Tree,0.9879165641488286,0.9894428506424313,0.9879165641488286,0.9883864049136035,0.9930733410663317
Without Ensemble,True,True,True,False,3,1494180,36579,Random Forest,0.9918805872221766,0.9923741748822492,0.9918805872221766,0.9920194761329671,0.9978031788776955
Without Ensemble,True,True,True,False,3,1494180,36579,SVM,0.9609612072500615,0.974139933071303,0.9609612072500615,0.9646128648453272,0.9901808792484774
Without Ensemble,True,True,True,False,4,1494180,36579,Decision Tree,0.98581153120643,0.9886018696296606,0.98581153120643,0.9867012926740912,0.994227658772014
Without Ensemble,True,True,True,False,4,1494180,36579,Random Forest,0.9926187156565243,0.9929685462276675,0.9926187156565243,0.9927114057347691,0.9977102661990713
Without Ensemble,True,True,True,False,4,1494180,36579,SVM,0.9623007736679515,0.9740170158809835,0.9623007736679515,0.9661654983431465,0.9896594416141705
Without Ensemble,True,True,True,False,5,1494180,36579,Decision Tree,0.9862762787391672,0.9888083899165235,0.9862762787391672,0.9870446685261044,0.99453759639722
Without Ensemble,True,True,True,False,5,1494180,36579,Random Forest,0.9919079253123377,0.992384891522774,0.9919079253123377,0.9920444835810547,0.9982003498329887
Without Ensemble,True,True,True,False,5,1494180,36579,SVM,0.953880641898357,0.9714435204515426,0.953880641898357,0.9577628313408415,0.9892388215368784
Without Ensemble,True,True,True,False,6,1494180,36579,Decision Tree,0.987315126165286,0.9891834462412249,0.987315126165286,0.9878909218420214,0.9938990312022566
Without Ensemble,True,True,True,False,6,1494180,36579,Random Forest,0.9920446157631427,0.9924716761663248,0.9920446157631427,0.9921561593301919,0.9979755352507379
Without Ensemble,True,True,True,False,6,1494180,36579,SVM,0.9575439459799339,0.972433915073754,0.9575439459799339,0.961598499540201,0.9888570231313367
Without Ensemble,True,True,True,False,7,1494180,36579,Decision Tree,0.98581153120643,0.9881897264121534,0.98581153120643,0.9865621237251272,0.994002926259138
Without Ensemble,True,True,True,False,7,1494180,36579,Random Forest,0.9919079253123377,0.9923457852006392,0.9919079253123377,0.9920260232648388,0.9979398134772326
Without Ensemble,True,True,True,False,7,1494180,36579,SVM,0.9577079745209,0.9725901585996366,0.9577079745209,0.9619495019677672,0.9896474514180283
Without Ensemble,True,True,True,False,8,1494180,36579,Decision Tree,0.9863856310998114,0.9888208089775153,0.9863856310998114,0.9871418979757063,0.994021552416659
Without Ensemble,True,True,True,False,8,1494180,36579,Random Forest,0.9925367013860412,0.9929468290220432,0.9925367013860412,0.9926440557968625,0.9985639404385828
Without Ensemble,True,True,True,False,8,1494180,36579,SVM,0.9604691216271631,0.9739426342481545,0.9604691216271631,0.9644435610302924,0.9902415343152771
Without Ensemble,True,True,True,False,9,1494180,36578,Decision Tree,0.9876155065886598,0.9893782124527352,0.9876155065886598,0.9881706232227794,0.9943681712270642
Without Ensemble,True,True,True,False,9,1494180,36578,Random Forest,0.9924271419979223,0.9928134852781008,0.9924271419979223,0.9925301146319438,0.9977362156240905
Without Ensemble,True,True,True,False,9,1494180,36578,SVM,0.9594291650719011,0.9725922149664626,0.9594291650719011,0.9632289507066146,0.9889010383961946
Without Ensemble,True,True,True,False,10,1494180,36578,Decision Tree,0.9904587456941331,0.9912448473690271,0.9904587456941331,0.9906995607222298,0.9942102919274498
Without Ensemble,True,True,True,False,10,1494180,36578,Random Forest,0.9927005303734485,0.9930517086838773,0.9927005303734485,0.9927992460144777,0.9981540791239208
Without Ensemble,True,True,True,False,10,1494180,36578,SVM,0.9600579583356116,0.9728642612454962,0.9600579583356116,0.9638561730618667,0.9917444110836887
